 ID_ZONE,  NUISANCES,  BRUIT,  IMPACTS, GEOTECHNIQ, EQUIPEMENT,  ACCESSIBIL,   CLIMAT
202,1.00,0.68,0,1,816,8,0.92
209,1.00,0.45,0,1,1249,9,0.91
210,1.00,0.69,0,1,1165,9,0.89
211,1.00,0.48,0,1,1518,9,0.92
213,1.00,0.92,0,1,1356,9,0.89
215,1.00,1.00,0,1,1434,8,0.75
216,1.00,0.97,0,1,1490,10,0.83
218,1.00,1.00,0,1,1556,8,0.70
219,1.00,1.00,0,1,1638,12,0.68
220,1.00,1.00,0,1,1629,8,0.68
221,1.00,0.95,0,1,1641,10,0.84
223,1.00,1.00,0,1,1697,8,0.68
224,1.00,0.98,0,1,1758,10,0.70
225,1.00,1.00,0,1,1801,8,0.67
226,1.00,0.91,0,1,1809,10,0.84
228,1.00,1.00,0,1,1840,8,0.67
229,1.00,0.97,0,1,1870,10,0.68
230,1.00,0.09,0,1,1848,12,0.55
231,1.00,0.97,0,1,1927,8,0.67
232,1.00,0.94,0,1,1954,11,0.68
234,1.00,0.97,0,1,1997,8,0.67
235,1.00,0.61,0,1,2053,12,0.65
236,1.00,0.93,0,1,2058,8,0.67
237,1.00,0.99,0,1,2049,10,0.66
238,1.00,0.21,0,1,2075,13,0.62
240,1.00,0.98,0,1,2130,11,0.67
248,1.00,0.61,0,1,2160,11,0.58
249,1.00,0.38,0,1,2164,12,0.74
250,1.00,0.05,0,1,2151,12,0.62
307,1.00,0.76,0,3,971,8,0.93
310,1.00,0.95,0,3,1152,9,0.87
313,1.00,1.00,0,3,1288,9,0.84
316,1.00,1.00,0,3,1498,12,0.87
319,1.00,1.00,0,3,1614,12,0.72
321,1.00,1.00,0,3,1583,12,0.87
324,1.00,1.00,0,3,1762,12,0.67
329,1.00,0.93,0,3,1862,11,0.67
330,1.00,0.03,0,3,1916,12,0.39
332,1.00,0.91,0,3,1961,12,0.68
333,1.00,0.66,0,3,1924,11,0.67
335,1.00,0.66,0,3,2068,12,0.61
337,1.00,0.92,0,3,2038,12,0.62
338,1.00,0.08,0,3,2026,11,0.54
340,1.00,0.93,0,3,2137,11,0.64
348,1.00,0.67,0,3,2156,12,0.68
349,1.00,0.40,0,3,2164,13,0.79
350,1.00,0.12,0,3,2196,13,0.80
402,1.00,1.00,0,6,727,5,0.78
409,1.00,0.63,0,6,1420,10,0.81
410,1.00,1.00,0,6,1154,7,0.76
411,1.00,0.35,0,6,1547,10,0.82
412,1.00,1.00,0,6,1304,5,0.77
416,1.00,0.95,0,6,1487,9,0.80
417,0.64,0.81,0,6,2083,10,0.78
419,1.00,0.99,0,6,1625,10,0.71
420,1.00,1.00,0,6,1623,6,0.75
421,1.00,0.96,0,6,1626,9,0.82
422,1.00,0.54,0,6,1707,10,0.76
423,1.00,1.00,0,6,1693,6,0.80
424,1.00,0.98,0,6,1746,10,0.69
425,1.00,1.00,0,6,1788,6,0.77
426,1.00,0.98,0,6,1827,11,0.81
428,1.00,1.00,0,6,1835,6,0.76
429,1.00,0.95,0,6,1867,11,0.66
432,0.98,0.91,0,6,1949,11,0.76
433,1.00,0.54,0,6,1901,11,0.70
435,0.98,0.59,0,6,2056,10,0.74
436,1.00,0.97,0,6,2081,8,0.69
437,0.96,0.89,0,6,2031,10,0.75
440,1.00,0.98,0,6,2174,10,0.66
448,1.00,0.73,0,6,2215,12,0.67
510,1.00,1.00,2,1,1147,9,0.76
511,0.96,0.58,2,1,1548,10,0.70
515,1.00,1.00,2,1,1425,8,0.70
516,1.00,0.99,2,1,1481,10,0.76
519,1.00,1.00,2,1,1622,11,0.67
524,1.00,1.00,2,1,1749,12,0.67
527,1.00,1.00,2,1,1929,12,0.11
529,1.00,0.99,2,1,1865,13,0.67
532,1.00,0.99,2,1,1960,13,0.64
537,1.00,1.00,2,1,2052,13,0.67
538,1.00,0.15,2,1,2029,13,0.67
540,1.00,1.00,2,1,2151,13,0.68
543,1.00,0.98,2,1,2240,13,0.67
549,1.00,0.48,2,1,2124,14,0.69
602,1.00,0.96,2,3,736,7,0.92
607,1.00,1.00,2,3,957,7,0.90
609,1.00,0.63,2,3,1336,10,0.72
610,1.00,1.00,2,3,1146,8,0.79
616,1.00,1.00,2,3,1471,11,0.85
617,0.67,0.93,2,3,2143,11,0.70
619,1.00,1.00,2,3,1642,12,0.67
621,1.00,0.78,2,3,1665,10,0.88
624,1.00,0.99,2,3,1764,11,0.66
626,1.00,0.77,2,3,1807,10,0.93
629,1.00,1.00,2,3,1862,11,0.55
632,1.00,0.99,2,3,1958,11,0.72
633,1.00,0.52,2,3,1923,11,0.84
635,0.99,0.68,2,3,2063,13,0.69
637,0.98,0.99,2,3,2043,11,0.72
638,1.00,0.19,2,3,2013,13,0.68
640,0.97,0.98,2,3,2142,12,0.67
649,1.00,0.41,2,3,2146,14,0.70
706,0.03,0.22,2,6,1543,11,0.67
707,1.00,1.00,2,6,1009,5,0.78
709,0.89,0.33,2,6,1411,10,0.69
711,0.99,0.39,2,6,1538,10,0.74
713,1.00,0.98,2,6,1332,9,0.75
718,1.00,1.00,2,6,1551,6,0.75
719,1.00,0.99,2,6,1636,12,0.69
720,1.00,1.00,2,6,1630,6,0.68
721,1.00,0.98,2,6,1642,9,0.82
724,1.00,0.99,2,6,1752,10,0.70
725,1.00,1.00,2,6,1781,6,0.70
726,1.00,0.98,2,6,1819,9,0.83
728,1.00,0.99,2,6,1858,6,0.69
729,1.00,0.99,2,6,1867,10,0.68
730,1.00,0.16,2,6,1857,9,0.78
732,1.00,0.98,2,6,1957,10,0.71
733,1.00,0.60,2,6,1921,9,0.74
734,1.00,0.98,2,6,1998,7,0.70
735,1.00,0.62,2,6,2062,9,0.72
736,1.00,0.98,2,6,2065,7,0.70
737,1.00,0.97,2,6,2047,10,0.70
738,1.00,0.26,2,6,2037,8,0.72
739,1.00,0.98,2,6,2138,7,0.67
740,1.00,0.97,2,6,2147,10,0.69
741,1.00,0.98,2,6,2225,7,0.67
743,1.00,0.93,2,6,2233,9,0.67
745,1.00,0.96,2,6,2185,12,0.84
746,1.00,0.67,2,6,2188,7,0.68
747,1.00,0.32,2,6,2193,8,0.69
748,1.00,0.67,2,6,2220,9,0.68
749,1.00,0.45,2,6,2228,9,0.70
750,1.00,0.05,2,6,2200,9,0.69
813,1.00,1.00,4,1,1324,10,0.82
816,1.00,1.00,4,1,1489,10,0.86
821,1.00,1.00,4,1,1638,11,0.88
826,1.00,0.94,4,1,1791,11,0.94
840,1.00,0.94,4,1,2170,13,0.67
843,1.00,0.99,4,1,2240,13,0.69
845,1.00,1.00,4,1,2240,13,0.79
848,1.00,0.74,4,1,2230,13,0.68
902,1.00,0.76,4,3,640,8,0.88
909,1.00,0.59,4,3,1238,10,0.70
913,1.00,0.90,4,3,1336,11,0.77
915,1.00,1.00,4,3,1446,3,0.68
916,1.00,1.00,4,3,1491,10,0.79
917,0.55,0.64,4,3,2196,11,0.75
918,1.00,1.00,4,3,1540,3,0.64
919,1.00,1.00,4,3,1629,12,0.70
920,1.00,1.00,4,3,1627,3,0.67
921,0.96,1.00,4,3,1657,9,0.90
923,1.00,1.00,4,3,1703,4,0.63
926,1.00,1.00,4,3,1836,11,0.90
928,1.00,0.98,4,3,1850,5,0.71
932,1.00,1.00,4,3,1953,12,0.86
933,1.00,0.58,4,3,1925,10,0.87
935,1.00,0.62,4,3,2041,11,0.78
936,1.00,1.00,4,3,2063,5,0.82
937,1.00,0.97,4,3,2044,12,0.83
938,0.89,0.22,4,3,2049,10,0.74
939,1.00,0.99,4,3,2132,5,0.74
940,1.00,0.95,4,3,2144,12,0.74
943,1.00,0.98,4,3,2238,13,0.70
945,1.00,0.99,4,3,2238,12,0.85
948,1.00,0.63,4,3,2229,13,0.71
949,1.00,0.43,4,3,2228,13,0.74
1001,1.00,1.00,4,6,471,2,0.81
1002,1.00,1.00,4,6,726,2,0.79
1006,0.04,0.60,4,6,1692,9,0.67
1009,1.00,0.43,4,6,1342,11,0.71
1010,1.00,1.00,4,6,1160,3,0.75
1011,0.99,0.32,4,6,1543,12,0.68
1012,1.00,1.00,4,6,1309,4,0.75
1013,1.00,0.98,4,6,1338,9,0.71
1018,1.00,1.00,4,6,1552,5,0.76
1020,1.00,1.00,4,6,1629,6,0.71
1021,0.99,0.99,4,6,1651,11,0.85
1022,1.00,0.58,4,6,1742,11,0.74
1023,1.00,0.99,4,6,1704,5,0.76
1024,1.00,0.97,4,6,1755,11,0.70
1025,1.00,0.99,4,6,1780,5,0.73
1026,0.95,0.98,4,6,1818,11,0.86
1029,0.97,0.96,4,6,1869,11,0.68
1030,1.00,0.15,4,6,1832,11,0.71
1032,0.98,0.98,4,6,1959,11,0.73
1033,0.99,0.55,4,6,1906,10,0.74
1036,1.00,0.98,4,6,2066,6,0.78
1037,0.99,0.97,4,6,2048,11,0.72
1038,0.98,0.27,4,6,2037,10,0.75
1039,1.00,0.99,4,6,2138,6,0.75
1041,1.00,0.99,4,6,2220,6,0.78
1043,1.00,0.99,4,6,2235,11,0.69
1045,1.00,0.96,4,6,2232,13,0.86
1046,1.00,0.69,4,6,2186,5,0.78
1047,1.00,0.32,4,6,2112,6,0.76
1049,1.00,0.40,4,6,2224,13,0.79
1050,0.99,0.07,4,6,2223,13,0.79
1108,1.00,1.00,6,1,1426,10,0.03
1119,1.00,1.00,6,1,1633,10,0.64
1121,1.00,1.00,6,1,1671,10,0.93
1124,1.00,1.00,6,1,1743,10,0.67
1126,1.00,1.00,6,1,1766,10,0.91
1206,0.01,0.66,6,3,1815,9,0.67
1213,1.00,1.00,6,3,1389,9,0.70
1217,0.64,1.00,6,3,1871,7,0.68
1218,1.00,1.00,6,3,1570,7,0.81
1221,1.00,0.99,6,3,1641,8,0.85
1223,1.00,0.99,6,3,1714,7,0.77
1225,0.95,0.99,6,3,1780,7,0.75
1226,1.00,0.96,6,3,1817,8,0.81
1227,1.00,0.43,6,3,1928,11,0.56
1228,0.95,0.92,6,3,1846,6,0.77
1229,1.00,0.88,6,3,1884,11,0.68
1232,1.00,1.00,6,3,1954,10,0.76
1233,1.00,0.62,6,3,1911,10,0.70
1236,1.00,1.00,6,3,2070,6,0.85
1237,1.00,1.00,6,3,2044,10,0.81
1238,1.00,0.09,6,3,2042,11,0.67
1239,1.00,1.00,6,3,2142,6,0.85
1302,1.00,1.00,6,6,760,2,0.81
1311,0.98,0.49,6,6,1540,11,0.71
1312,1.00,1.00,6,6,1316,4,0.74
1316,1.00,0.99,6,6,1503,10,0.71
1319,1.00,0.98,6,6,1637,11,0.67
1320,1.00,1.00,6,6,1631,6,0.69
1321,1.00,0.98,6,6,1648,10,0.84
1323,1.00,1.00,6,6,1707,6,0.74
1324,1.00,0.98,6,6,1756,10,0.68
1325,1.00,0.99,6,6,1782,6,0.71
1326,1.00,0.98,6,6,1821,10,0.83
1328,1.00,0.99,6,6,1854,6,0.71
1329,1.00,0.97,6,6,1869,10,0.68
1331,1.00,0.98,6,6,1927,6,0.74
1333,1.00,0.57,6,6,1908,10,0.74
1334,1.00,0.98,6,6,1998,6,0.70
1335,1.00,0.63,6,6,2060,10,0.76
1336,1.00,0.98,6,6,2067,7,0.74
1337,1.00,0.96,6,6,2044,11,0.71
1339,1.00,0.98,6,6,2137,7,0.72
1340,1.00,0.96,6,6,2145,11,0.72
1341,1.00,0.98,6,6,2221,7,0.74
1343,1.00,0.97,6,6,2235,11,0.68
1345,1.00,0.95,6,6,2223,11,0.81
1346,1.00,0.68,6,6,2201,7,0.78
1347,1.00,0.32,6,6,2200,7,0.76
1348,1.00,0.67,6,6,2219,11,0.71
1349,0.99,0.39,6,6,2214,11,0.72
1733,1.00,0.70,0,3,1774,12,0.07
1802,1.00,1.00,0,6,922,5,0.79
1803,1.00,1.00,0,6,976,8,0.78
1818,1.00,1.00,0,6,1424,6,0.68
1819,1.00,1.00,0,6,1438,6,0.80
1821,1.00,1.00,0,6,1523,6,0.68
1823,1.00,1.00,0,6,1553,6,0.79
1832,1.00,0.10,0,6,1737,10,0.78
1838,1.00,0.13,0,6,1913,10,0.70
1840,1.00,0.08,0,6,2087,11,0.83
1842,1.00,0.36,0,6,2056,10,0.77
1908,1.00,1.00,2,1,1283,10,0.75
1922,1.00,0.98,2,1,1481,10,0.61
1941,1.00,0.41,2,1,2044,13,0.27
2008,1.00,0.93,2,3,1279,10,0.83
2017,1.00,0.98,2,3,1372,11,0.71
2103,1.00,1.00,2,6,1080,8,0.77
2106,1.00,1.00,2,6,1092,4,0.74
2107,0.44,0.91,2,6,1215,10,0.67
2110,1.00,1.00,2,6,1188,5,0.72
2111,0.02,0.48,2,6,1137,9,0.67
2112,0.15,0.63,2,6,1401,10,0.67
2113,0.00,0.11,2,6,1233,9,0.67
2115,0.54,0.25,2,6,1506,10,0.67
2117,1.00,1.00,2,6,1406,9,0.74
2118,1.00,1.00,2,6,1418,5,0.67
2119,1.00,1.00,2,6,1437,6,0.81
2121,1.00,1.00,2,6,1501,7,0.69
2123,1.00,1.00,2,6,1530,8,0.83
2129,1.00,0.62,2,6,1672,10,0.74
2131,1.00,0.65,2,6,1777,11,0.69
2132,1.00,0.33,2,6,1690,9,0.77
2134,1.00,0.58,2,6,1766,9,0.75
2136,1.00,0.97,2,6,1922,9,0.77
2143,0.59,0.89,2,6,2149,11,0.73
2335,1.00,0.92,4,3,1937,6,0.76
2402,1.00,1.00,4,6,931,2,0.78
2406,1.00,1.00,4,6,1039,3,0.79
2417,1.00,0.99,4,6,1427,11,0.70
2418,1.00,1.00,4,6,1427,6,0.68
2419,1.00,1.00,4,6,1445,5,0.80
2421,1.00,1.00,4,6,1515,8,0.64
2424,0.50,1.00,4,6,1553,11,0.63
2427,0.99,1.00,4,6,1655,11,0.71
2428,0.62,0.96,4,6,1936,8,0.76
2429,1.00,0.77,4,6,1637,12,0.72
2436,1.00,0.94,4,6,2006,9,0.70
2443,0.58,0.96,4,6,2144,11,0.72
2444,0.50,0.19,4,6,1694,10,0.68
2449,0.51,0.32,4,6,2188,11,0.72
2627,1.00,0.97,6,3,1704,8,0.76
2702,1.00,1.00,6,6,933,2,0.79
2703,0.88,0.98,6,6,984,9,0.67
2706,1.00,1.00,6,6,1066,2,0.80
2707,0.39,0.80,6,6,1175,10,0.67
2708,0.99,0.97,6,6,1278,9,0.70
2709,0.80,0.91,6,6,1152,10,0.67
2710,1.00,1.00,6,6,1182,3,0.76
2711,0.04,0.53,6,6,1153,10,0.67
2712,0.11,0.62,6,6,1497,10,0.67
2713,0.02,0.08,6,6,1243,10,0.67
2714,0.74,0.86,6,6,1338,10,0.67
2715,0.48,0.33,6,6,1388,11,0.67
2716,0.98,0.51,6,6,1382,11,0.68
2717,1.00,0.98,6,6,1370,9,0.69
2718,1.00,1.00,6,6,1431,4,0.68
2719,1.00,1.00,6,6,1447,4,0.79
2723,1.00,1.00,6,6,1558,5,0.80
2725,0.01,0.11,6,6,1470,10,0.67
2728,0.61,0.99,6,6,1972,8,0.72
2729,1.00,0.61,6,6,1677,11,0.71
2731,1.00,0.61,6,6,1774,12,0.67
2734,1.00,0.60,6,6,1761,10,0.80
2738,1.00,0.14,6,6,1915,11,0.74
2740,1.00,0.11,6,6,2084,11,0.76
2743,0.56,1.00,6,6,2179,9,0.68
2744,0.41,0.29,6,6,1819,11,0.70
2745,0.05,0.07,6,6,2162,10,0.71
2749,0.49,0.24,6,6,2177,11,0.71
3003,1.00,0.09,0,1,2093,13,0.30
3004,1.00,0.40,0,1,2061,12,0.28
3011,1.00,0.67,0,1,2082,12,0.36
3023,1.00,0.98,0,1,1983,11,0.06
3123,1.00,1.00,0,3,1974,11,0.31
3135,1.00,0.46,0,3,1868,12,0.17
3136,1.00,0.24,0,3,1913,12,0.17
3141,1.00,0.97,0,3,1896,11,0.24
3203,1.00,0.06,0,6,2137,11,0.14
3206,1.00,0.44,0,6,2228,12,0.35
3207,1.00,0.63,0,6,1947,12,0.28
3213,1.00,0.49,0,6,2171,11,0.00
3223,1.00,0.93,0,6,1984,11,0.13
3236,1.00,0.10,0,6,1909,12,0.22
3260,1.00,0.92,0,6,1720,12,0.35
3275,1.00,1.00,0,6,1404,9,0.72
3276,1.00,0.95,0,6,1386,9,0.82
3277,1.00,1.00,0,6,1351,9,0.73
3278,1.00,1.00,0,6,1338,7,0.65
3279,1.00,0.98,0,6,1316,9,0.81
3282,1.00,1.00,0,6,1267,8,0.69
3283,1.00,0.99,0,6,1258,9,0.81
3288,1.00,1.00,0,6,1359,6,0.38
3289,1.00,1.00,0,6,1241,6,0.39
3292,1.00,1.00,0,6,1146,7,0.49
3295,1.00,1.00,0,6,1059,5,0.81
3296,1.00,1.00,0,6,1016,5,0.81
3316,0.79,0.89,2,1,2155,11,0.29
3375,1.00,1.00,2,1,1395,11,0.69
3376,1.00,0.99,2,1,1404,9,0.92
3377,1.00,1.00,2,1,1348,11,0.73
3378,1.00,1.00,2,1,1358,8,0.64
3401,1.00,0.10,2,3,2188,14,0.71
3403,1.00,0.05,2,3,2132,14,0.37
3404,1.00,0.32,2,3,2038,13,0.33
3407,1.00,0.67,2,3,1934,11,0.18
3411,0.99,0.63,2,3,2078,13,0.34
3460,1.00,0.98,2,3,1737,12,0.45
3472,1.00,1.00,2,3,1560,13,0.35
3474,1.00,1.00,2,3,1455,13,0.36
3507,1.00,0.64,2,6,1960,10,0.18
3516,0.97,0.99,2,6,2164,11,0.43
3539,1.00,1.00,2,6,1930,8,0.67
3540,1.00,0.97,2,6,1943,7,0.76
3543,1.00,0.99,2,6,1906,7,0.72
3544,1.00,1.00,2,6,1708,6,0.83
3549,0.57,1.00,2,6,1804,11,0.84
3554,0.52,0.62,2,6,1587,10,0.70
3555,0.51,1.00,2,6,1767,11,0.73
3558,0.52,1.00,2,6,1627,11,0.72
3562,0.50,1.00,2,6,1558,10,0.43
3564,1.00,1.00,2,6,1705,6,0.67
3565,0.99,0.99,2,6,1548,12,0.74
3568,1.00,1.00,2,6,1492,8,0.79
3570,0.51,0.94,2,6,1463,10,0.69
3571,1.00,0.99,2,6,1494,12,0.69
3572,1.00,1.00,2,6,1562,11,0.47
3573,1.00,0.99,2,6,1501,11,0.88
3583,1.00,1.00,2,6,1220,8,0.82
3641,1.00,0.98,4,1,1832,11,0.12
3687,1.00,1.00,4,1,1297,10,0.01
3690,1.00,1.00,4,1,1290,10,0.48
3701,1.00,0.04,4,3,2230,14,0.78
3703,1.00,0.00,4,3,2228,13,0.47
3711,1.00,0.71,4,3,2132,13,0.36
3723,1.00,0.92,4,3,2021,12,0.35
3735,1.00,0.65,4,3,1851,9,0.16
3741,1.00,0.97,4,3,1835,10,0.32
3806,1.00,0.49,4,6,2226,13,0.38
3817,1.00,0.63,4,6,2235,13,0.91
3820,1.00,0.60,4,6,2238,13,0.80
3821,1.00,0.59,4,6,2233,12,0.71
3822,1.00,0.73,4,6,2235,13,0.77
3825,1.00,0.61,4,6,2153,12,0.68
3826,0.86,0.89,4,6,2167,11,0.69
3829,1.00,0.79,4,6,2150,12,0.70
3830,1.00,0.62,4,6,2081,11,0.84
3833,1.00,0.50,4,6,2046,6,0.75
3834,0.80,0.51,4,6,2026,9,0.83
3838,0.86,0.95,4,6,2001,6,0.70
3841,1.00,0.97,4,6,1845,9,0.28
3849,0.57,1.00,4,6,1790,11,0.79
3856,0.52,1.00,4,6,1687,6,0.86
3858,0.55,1.00,4,6,1685,11,0.73
3865,1.00,0.98,4,6,1574,12,0.74
3871,1.00,0.94,4,6,1488,12,0.67
3873,1.00,1.00,4,6,1502,11,0.88
3876,1.00,1.00,4,6,1433,11,0.91
3887,1.00,1.00,4,6,1305,10,0.01
3888,1.00,1.00,4,6,1366,4,0.45
3889,1.00,1.00,4,6,1239,4,0.49
3890,1.00,1.00,4,6,1317,11,0.46
3891,1.00,1.00,4,6,1151,4,0.48
3974,1.00,1.00,6,1,1484,10,0.05
4103,1.00,0.02,6,6,2207,11,0.52
4106,1.00,0.46,6,6,2240,11,0.47
4116,1.00,0.97,6,6,2165,11,0.39
4132,1.00,0.81,6,6,1953,11,0.73
4133,1.00,0.30,6,6,2029,7,0.73
4134,0.76,0.32,6,6,2026,10,0.69
4142,1.00,0.98,6,6,1950,11,0.81
4145,1.00,0.29,6,6,1792,10,0.72
4146,1.00,0.08,6,6,1749,12,0.69
4149,0.61,1.00,6,6,1770,10,0.77
4150,0.02,0.43,6,6,1892,10,0.67
4151,0.76,0.30,6,6,1791,11,0.70
4153,0.01,0.14,6,6,1697,10,0.68
4155,0.48,0.99,6,6,1780,7,0.77
4156,0.56,1.00,6,6,1647,5,0.82
4158,0.56,0.99,6,6,1630,10,0.68
4167,1.00,1.00,6,6,1548,4,0.67
4168,1.00,1.00,6,6,1505,6,0.70
4169,1.00,1.00,6,6,1498,4,0.67
4170,0.50,0.88,6,6,1448,10,0.67
4174,1.00,1.00,6,6,1448,9,0.46
4190,1.00,1.00,6,6,1327,10,0.50
4460,1.00,0.67,0,1,1962,13,0.19
4468,1.00,0.65,0,1,2026,13,0.21
4560,1.00,0.57,0,3,1961,12,0.29
4568,1.00,0.68,0,3,2066,12,0.27
4573,1.00,0.82,0,3,2157,11,0.35
4605,1.00,1.00,0,6,1019,3,0.77
4647,1.00,0.98,0,6,1920,12,0.30
4723,1.00,1.00,2,1,1333,10,0.33
4724,1.00,1.00,2,1,1393,10,0.64
4860,1.00,0.55,2,3,1897,11,0.16
4871,1.00,1.00,2,3,2080,11,0.06
4873,0.99,0.99,2,3,2136,11,0.32
4920,1.00,1.00,2,6,1308,5,0.82
4921,1.00,1.00,2,6,1303,5,0.66
4923,1.00,1.00,2,6,1319,10,0.48
4924,1.00,0.95,2,6,1370,10,0.71
4927,1.00,1.00,2,6,1469,12,0.36
4934,1.00,0.95,2,6,1582,9,0.72
4937,1.00,1.00,2,6,1666,10,0.34
4942,1.00,1.00,2,6,1766,6,0.32
4970,0.93,1.00,2,6,2028,11,0.38
5025,1.00,1.00,4,1,1456,10,0.05
5026,1.00,1.00,4,1,1396,10,0.18
5029,1.00,1.00,4,1,1528,10,0.25
5030,1.00,1.00,4,1,1529,11,0.06
5037,1.00,1.00,4,1,1638,11,0.82
5126,1.00,1.00,4,3,1396,10,0.14
5127,1.00,1.00,4,3,1459,11,0.42
5130,1.00,1.00,4,3,1534,11,0.10
5139,1.00,1.00,4,3,1711,9,0.07
5140,1.00,1.00,4,3,1745,11,0.30
5225,1.00,1.00,4,6,1443,10,0.00
5227,1.00,1.00,4,6,1462,11,0.54
5230,1.00,1.00,4,6,1551,10,0.03
5236,1.00,1.00,4,6,1578,11,0.43
5238,1.00,1.00,4,6,1641,6,0.46
5239,1.00,1.00,4,6,1689,11,0.05
5240,1.00,0.98,4,6,1729,10,0.44
5242,1.00,0.99,4,6,1741,6,0.40
5247,1.00,1.00,4,6,1949,9,0.32
5249,1.00,0.99,4,6,1846,5,0.79
5251,1.00,1.00,4,6,1875,5,0.67
5252,1.00,0.98,4,6,1964,5,0.68
5253,1.00,0.99,4,6,1918,5,0.81
5255,1.00,1.00,4,6,1936,8,0.74
5256,1.00,0.98,4,6,1991,5,0.81
5258,0.00,0.36,4,6,2008,10,0.67
5265,1.00,0.99,4,6,2143,12,0.79
5266,1.00,0.99,4,6,2149,11,0.69
5269,1.00,0.46,4,6,2061,11,0.69
5330,1.00,1.00,6,1,1527,10,0.09
5336,1.00,1.00,6,1,1575,10,0.19
5337,1.00,1.00,6,1,1618,10,0.49
5424,1.00,1.00,6,3,1375,9,0.57
5529,1.00,1.00,6,6,1525,9,0.47
5530,0.98,1.00,6,6,1540,10,0.06
5536,0.99,1.00,6,6,1572,10,0.39
5537,1.00,0.99,6,6,1640,10,0.57
5538,1.00,1.00,6,6,1604,4,0.63
5540,1.00,0.99,6,6,1739,12,0.52
5542,1.00,1.00,6,6,1851,5,0.44
5543,1.00,0.97,6,6,1820,12,0.49
5544,0.79,1.00,6,6,1577,10,0.36
5555,1.00,0.99,6,6,1970,10,0.68
5557,1.00,0.99,6,6,1978,12,0.67
5558,0.02,0.06,6,6,1935,10,0.69
5561,1.00,0.34,6,6,1996,11,0.75
5562,1.00,0.35,6,6,2061,11,0.81
5569,1.00,0.34,6,6,2053,11,0.69
5570,1.00,0.98,6,6,2025,11,0.42
5852,1.00,0.96,0,1,1860,13,0.20
5854,1.00,0.96,0,1,1896,13,0.67
6020,1.00,1.00,0,6,1036,3,0.62
6046,1.00,1.00,0,6,1811,12,0.26
6052,1.00,0.96,0,6,1866,13,0.11
6065,1.00,0.97,0,6,2175,11,0.61
6246,1.00,0.99,2,3,1826,10,0.32
6253,1.00,0.62,2,3,1825,12,0.29
6258,1.00,0.41,2,3,1842,12,0.28
6357,0.99,0.99,2,6,1983,10,0.05
6434,1.00,1.00,4,1,1432,10,0.62
6438,1.00,1.00,4,1,1477,10,0.31
6442,1.00,1.00,4,1,1575,10,0.45
6534,1.00,1.00,4,3,1431,11,0.39
6642,1.00,1.00,4,6,1579,9,0.43
6643,1.00,1.00,4,6,1638,10,0.23
6644,1.00,1.00,4,6,1656,10,0.48
6663,1.00,0.58,4,6,1999,11,0.49
6665,1.00,0.99,4,6,2135,11,0.37
6668,1.00,1.00,4,6,2240,11,0.67
6690,1.00,0.51,4,6,2100,12,0.71
6955,1.00,0.99,6,6,1935,10,0.67
6956,1.00,0.99,6,6,1937,11,0.68
6957,1.00,0.96,6,6,1966,11,0.50
6981,1.00,0.19,6,6,2240,11,0.79
6982,1.00,0.15,6,6,2199,9,0.77
6983,1.00,0.16,6,6,2182,12,0.80
6984,1.00,0.20,6,6,2240,11,0.72
6986,1.00,0.04,6,6,2239,13,0.74
6989,1.00,0.17,6,6,2196,11,0.68
6991,0.98,0.21,6,6,2240,11,0.67
6995,1.00,0.03,6,6,2236,12,0.81
6997,1.00,0.04,6,6,2233,7,0.75
6998,1.00,0.02,6,6,2182,11,0.72
6999,1.00,0.02,6,6,2238,11,0.69
7401,1.00,1.00,0,6,39,1,0.79
7402,1.00,1.00,0,6,96,1,0.78
7403,1.00,1.00,0,6,127,1,0.78
7404,1.00,1.00,0,6,157,2,0.79
7405,1.00,1.00,0,6,183,1,0.82
7406,1.00,1.00,0,6,219,2,0.83
7407,1.00,1.00,0,6,250,1,0.83
7408,1.00,1.00,0,6,280,2,0.83
7409,1.00,1.00,0,6,308,2,0.83
7410,1.00,1.00,0,6,339,2,0.83
7411,1.00,1.00,0,6,379,2,0.83
7412,1.00,1.00,0,6,357,2,0.60
7413,1.00,1.00,0,6,430,2,0.83
7414,1.00,1.00,0,6,442,2,0.70
7415,1.00,1.00,0,6,475,2,0.81
7416,1.00,1.00,0,6,503,2,0.83
7417,1.00,1.00,0,6,539,2,0.82
7418,1.00,1.00,0,6,526,2,0.74
7472,1.00,0.90,0,6,2009,8,0.67
7666,1.00,0.98,2,3,1948,12,0.30
7667,1.00,1.00,2,3,1967,10,0.21
7955,1.00,1.00,4,3,1633,10,0.18
7961,1.00,1.00,4,3,1827,10,0.65
8037,1.00,1.00,4,6,1083,4,0.41
8050,1.00,1.00,4,6,1395,12,0.44
8059,0.51,1.00,4,6,1806,6,0.82
8061,0.51,1.00,4,6,1768,11,0.69
8069,0.00,0.34,4,6,1999,10,0.28
8070,0.99,0.58,4,6,2013,11,0.67
8075,1.00,0.62,4,6,2064,12,0.65
8351,0.61,1.00,6,6,1523,10,0.47
8352,1.00,1.00,6,6,1543,7,0.68
8365,1.00,1.00,6,6,1920,7,0.47
8366,1.00,0.86,6,6,1929,12,0.35
8380,1.00,0.14,6,6,2240,10,0.69
8383,1.00,0.17,6,6,2240,11,0.67
8385,1.00,0.12,6,6,2240,11,0.67
8401,1.00,0.90,0,1,885,8,0.94
8423,1.00,0.58,0,1,1722,10,0.89
8430,1.00,0.43,0,1,1790,12,0.32
8440,1.00,0.82,0,1,2011,10,0.67
8445,1.00,0.57,0,1,2159,12,0.49
8539,1.00,0.86,0,3,2086,11,0.09
8628,1.00,0.62,0,6,1807,12,0.10
8631,1.00,0.95,0,6,1887,13,0.67
8644,1.00,0.30,0,6,2066,11,0.08
8701,1.00,1.00,2,1,1005,8,0.89
8706,1.00,1.00,2,1,1237,12,0.34
8713,1.00,1.00,2,1,1386,10,0.40
8717,1.00,1.00,2,1,1557,9,0.80
8725,1.00,1.00,2,1,1690,11,0.11
8739,0.94,1.00,2,1,2055,11,0.00
8744,1.00,0.00,2,1,2190,13,0.29
8747,1.00,0.52,2,1,2146,14,0.68
8823,0.99,0.72,2,3,1734,10,0.82
8831,1.00,1.00,2,3,1880,10,0.27
8832,1.00,0.99,2,3,1910,10,0.23
8834,1.00,0.09,2,3,1891,13,0.43
8837,0.99,0.99,2,3,2032,11,0.41
8841,1.00,0.18,2,3,1853,11,0.67
8903,1.00,1.00,2,6,1160,4,0.52
8913,1.00,0.94,2,6,1415,10,0.29
8920,0.00,0.23,2,6,1387,9,0.67
8926,1.00,0.98,2,6,1747,9,0.67
8927,1.00,0.88,2,6,1711,13,0.21
8928,1.00,0.65,2,6,1748,13,0.00
8929,0.50,1.00,2,6,1826,10,0.21
8930,1.00,0.44,2,6,1767,14,0.26
8931,1.00,1.00,2,6,1855,10,0.67
8932,1.00,0.98,2,6,1922,10,0.37
8933,1.00,0.51,2,6,2006,11,0.30
8938,0.50,1.00,2,6,1976,10,0.32
9018,1.00,1.00,4,1,1613,10,0.09
9025,1.00,1.00,4,1,1724,11,0.00
9039,1.00,1.00,4,1,1919,11,0.00
9041,1.00,0.09,4,1,1964,11,0.94
9114,1.00,1.00,4,3,1516,10,0.44
9140,1.00,1.00,4,3,2190,5,0.72
9150,0.00,0.71,4,3,1918,9,0.00
9203,1.00,1.00,4,6,1027,3,0.23
9215,1.00,1.00,4,6,1504,9,0.41
9229,0.50,1.00,4,6,1796,10,0.47
9230,1.00,0.55,4,6,1775,13,0.41
9233,1.00,0.66,4,6,1912,10,0.13
9237,1.00,0.99,4,6,2026,9,0.34
9250,0.00,0.30,4,6,1991,10,0.42
9314,1.00,1.00,6,1,1527,10,0.17
9402,1.00,1.00,6,3,1212,4,0.70
9403,1.00,1.00,6,3,1165,4,0.67
9413,1.00,1.00,6,3,1383,9,0.20
9415,1.00,1.00,6,3,1482,5,0.46
9434,1.00,0.15,6,3,1984,11,0.42
9450,0.00,0.39,6,3,1877,9,0.67
9503,1.00,1.00,6,6,1176,4,0.45
9516,1.00,1.00,6,6,1568,6,0.69
9517,1.00,1.00,6,6,1569,8,0.67
9519,0.57,0.82,6,6,1589,10,0.47
9525,1.00,0.98,6,6,1766,12,0.07
9534,1.00,0.26,6,6,1912,11,0.39
9548,1.00,0.14,6,6,2240,12,0.66
9550,0.00,0.03,6,6,2012,10,0.54
